{
  "name": "ngo-saas-backend",
  "version": "1.0.0",
  "description": "Multi-tenant NGO SaaS Platform Backend",
  "author": "Your Company",
  "private": true,
  "license": "MIT",
  "scripts": {
    "prebuild": "rimraf dist",
    "build": "nest build",
    "format": "prettier --write \"src/**/*.ts\" \"test/**/*.ts\"",
    "start": "nest start",
    "start:dev": "nest start --watch",
    "start:debug": "nest start --debug --watch",
    "start:prod": "node dist/main",
    "lint": "eslint \"{src,apps,libs,test}/**/*.ts\" --fix",
    "test": "jest",
    "test:watch": "jest --watch",
    "test:cov": "jest --coverage",
    "test:debug": "node --inspect-brk -r tsconfig-paths/register -r ts-node/register node_modules/.bin/jest --runInBand",
    "test:e2e": "jest --config ./test/jest-e2e.json",
    "prisma:generate": "prisma generate",
    "prisma:migrate": "prisma migrate dev",
    "prisma:deploy": "prisma migrate deploy",
    "prisma:studio": "prisma studio",
    "prisma:seed": "ts-node prisma/seed.ts"
  },
  "dependencies": {
    "@nestjs/common": "^10.0.0",
    "@nestjs/core": "^10.0.0",
    "@nestjs/platform-express": "^10.0.0",
    "@nestjs/config": "^3.1.1",
    "@nestjs/jwt": "^10.2.0",
    "@nestjs/passport": "^10.0.3",
    "@nestjs/schedule": "^4.0.0",
    "@nestjs/throttler": "^5.1.1",
    "@prisma/client": "^5.8.0",
    "passport": "^0.7.0",
    "passport-jwt": "^4.0.1",
    "passport-local": "^1.0.0",
    "bcrypt": "^5.1.1",
    "class-validator": "^0.14.0",
    "class-transformer": "^0.5.1",
    "razorpay": "^2.9.2",
    "nodemailer": "^6.9.7",
    "handlebars": "^4.7.8",
    "uuid": "^9.0.1",
    "moment": "^2.30.1",
    "moment-timezone": "^0.5.44",
    "winston": "^3.11.0",
    "winston-daily-rotate-file": "^4.7.1",
    "helmet": "^7.1.0",
    "compression": "^1.7.4",
    "express-rate-limit": "^7.1.5",
    "multer": "^1.4.5-lts.1",
    "pdfkit": "^0.14.0",
    "exceljs": "^4.4.0",
    "redis": "^4.6.12",
    "ioredis": "^5.3.2",
    "reflect-metadata": "^0.1.13",
    "rxjs": "^7.8.1"
  },
  "devDependencies": {
    "@nestjs/cli": "^10.0.0",
    "@nestjs/schematics": "^10.0.0",
    "@nestjs/testing": "^10.0.0",
    "@types/express": "^4.17.17",
    "@types/jest": "^29.5.2",
    "@types/node": "^20.3.1",
    "@types/supertest": "^2.0.12",
    "@types/bcrypt": "^5.0.2",
    "@types/passport-jwt": "^4.0.0",
    "@types/passport-local": "^1.0.38",
    "@types/nodemailer": "^6.4.14",
    "@types/multer": "^1.4.11",
    "@types/pdfkit": "^0.13.3",
    "@typescript-eslint/eslint-plugin": "^6.0.0",
    "@typescript-eslint/parser": "^6.0.0",
    "eslint": "^8.42.0",
    "eslint-config-prettier": "^9.0.0",
    "eslint-plugin-prettier": "^5.0.0",
    "jest": "^29.5.0",
    "prettier": "^3.0.0",
    "prisma": "^5.8.0",
    "source-map-support": "^0.5.21",
    "supertest": "^6.3.3",
    "ts-jest": "^29.1.0",
    "ts-loader": "^9.4.3",
    "ts-node": "^10.9.1",
    "tsconfig-paths": "^4.2.0",
    "typescript": "^5.1.3",
    "rimraf": "^5.0.5"
  },
  "jest": {
    "moduleFileExtensions": [
      "js",
      "json",
      "ts"
    ],
    "rootDir": "src",
    "testRegex": ".*\\.spec\\.ts$",
    "transform": {
      "^.+\\.(t|j)s$": "ts-jest"
    },
    "collectCoverageFrom": [
      "**/*.(t|j)s"
    ],
    "coverageDirectory": "../coverage",
    "testEnvironment": "node"
  }
}